lat,lng,"location"
0.00000000,0.00000000,"Beijing, China"
0.00000000,0.00000000,"Shenzhen, China"
39.90419990,116.40739630," Bei Jing China"
22.33639980,114.26546550," CYT 2014A, HKUST, Clear Water Bay, Kowloon. Hong Kong"
34.05223420,-118.24368490," Los Angeles, CA"
31.23041600,121.47370100," Shanghai, China"
51.77928430,4.61809020,"'s-Gravendeel - The Netherlands"
30.57281500,104.06680100,"/Chengdu"
37.45297300,-122.18069590,"1000 El Camino Real, Menlo Park, CA 94025, US"
37.37012790,-121.96406350,"2701 San Tomas Expressway, Santa Clara, California, 95050"
30.26887550,-97.74056410,"701 Brazos St, 16th Floor, Austin, TX 78701"
50.77534550,6.08388680,"Aachen, Germany"
23.02250500,72.57136210,"ahmedabad"
-18.85795230,-159.78528430,"Aitutaki"
53.93327060,-116.57650350,"Alberta, Canada"
38.80483550,-77.04692140,"Alexandria, VA"
36.75376800,3.05875610,"Algiers, Algeria"
25.43580110,81.84631100,"Allahabad,India"
37.09024000,-95.71289100,"American"
52.15611130,5.38782660,"Amersfoort, The Netherlands"
42.37322160,-72.51985370,"Amherst, MA"
52.36798430,4.90356140,"Amsterdam"
52.36798430,4.90356140,"Amsterdam, Netherlands"
52.36798430,4.90356140,"Amsterdam, The Netherlands"
43.61582990,13.51891500,"Ancona, Italy"
42.28082560,-83.74303780,"Ann Arbor, MI"
36.89689080,30.71332330,"Antalya"
43.58041800,7.12510200,"Antibes, France"
51.21944750,4.40246430,"Antwerp, Belgium"
-38.41609700,-63.61667200,"Argentina"
34.04892810,-111.09373110,"Arizona"
51.98510340,5.89872960,"Arnhem, Netherlands"
43.41957500,-73.70901350,"Around the World"
35.59505810,-82.55148690,"Asheville, NC, USA"
37.98380960,23.72753880,"Athens, Greece"
33.74899540,-84.38798240,"Atlanta, GA"
-36.84845970,174.76333150,"Auckland"
-36.84845970,174.76333150,"Auckland, New Zealand"
30.26715300,-97.74306080,"Austin"
30.26715300,-97.74306080,"Austin, Texas"
30.26715300,-97.74306080,"Austin, TX"
-25.27439800,133.77513600,"Australia"
-33.86881970,151.20929550,"Australia, Sydney"
47.51623100,14.55007200,"Austria"
51.81560600,-0.80840000,"Aylesbury"
52.21318250,5.28640960,"Baarn ~ The Netherlands"
26.06670000,50.55770000,"Bahrain"
39.29038480,-76.61218930,"Baltimore, MD"
39.29038480,-76.61218930,"Baltimore, MD, USA"
39.29038480,-76.61218930,"Baltimore,MD"
-6.91746390,107.61912280,"Bandung, Indonesia"
12.97159870,77.59456270,"Bangalore"
12.97159870,77.59456270,"Bangalore India"
12.97159870,77.59456270,"Bangalore, India"
23.68499400,90.35633100,"Bangladesh"
43.29698750,-2.98620290,"Barakaldo"
36.08803580,-95.92369980,"Barcelona"
41.38506390,2.17340350,"Barcelona, Spain"
51.26654000,-1.09239640,"Basingstoke, Johannesburg, London, Manchester, Singapore, New York"
51.38106410,-2.35901670,"Bath, UK"
37.82717840,-122.29130780,"Bay Area"
37.82717840,-122.29130780,"Bay Area, CA"
45.48879930,-122.80133320,"Beaverton OR"
52.13863940,-0.46677820,"Bedford, UK"
40.07985640,-74.99375510,"Bei Jing"
39.90419990,116.40739630,"BeiJin"
39.90419990,116.40739630,"Beijing"
22.52821710,114.11334100,"Beijing & Shanghai & Shenzhen"
39.90419990,116.40739630,"Beijing , China"
39.90419990,116.40739630,"Beijing ,China"
39.90419990,116.40739630,"Beijing China"
39.90419990,116.40739630,"Beijing China."
39.90419990,116.40739630,"Beijing city"
39.90419990,116.40739630,"Beijing of China"
39.97495820,116.36957930,"Beijing, Chengdu, China"
39.90419990,116.40739630,"Beijing, P.R.China"
39.99317800,116.46842700,"Beijing-Wangjing"
39.90419990,116.40739630,"Beijing. China"
39.90419990,116.40739630,"Beijing，China"
39.90419990,116.40739630,"Beijng, China"
53.90453980,27.56152440,"Belarus, Minsk"
50.50388700,4.46993600,"Belgium"
44.78656800,20.44892160,"Belgrade, Serbia"
47.61014970,-122.20151590,"Bellevue WA"
47.61014970,-122.20151590,"Bellevue, WA"
44.05817280,-121.31530960,"Bend, OR"
44.05817280,-121.31530960,"Bend, Oregon"
12.97159870,77.59456270,"Bengaluru"
12.97159870,77.59456270,"Bengaluru, India"
40.05538500,0.06415040,"Benicàssim"
37.87159260,-122.27274700,"Berkeley"
37.87159260,-122.27274700,"Berkeley & SF"
37.87159260,-122.27274700,"Berkeley, CA"
37.87963740,-122.29773770,"Berkeley, CA, near coffee"
37.87159260,-122.27274700,"Berkeley, CA, USA"
52.52000660,13.40495400,"Berlin"
52.52000660,13.40495400,"Berlin, Germany"
55.77024200,-2.00539500,"Berwick-upon-Tweed, Northumberland, UK"
38.98465200,-77.09470920,"Bethesda, MD"
43.26301260,-2.93498520,"Bilbao, ES"
33.51858920,-86.81035670,"Birmingham"
33.51858920,-86.81035670,"Birmingham, AL"
52.48624300,-1.89040100,"Birmingham, England"
46.80832680,-100.78373920,"Bismarck, ND"
37.22957330,-80.41393930,"Blacksburg, VA"
37.22957330,-80.41393930,"Blacksburg, Virginia"
-33.40998300,150.30373230,"Blue Mountains, Australia"
40.89533010,-83.88882880,"Bluffton, Ohio"
43.61501860,-116.20231370,"Boise, Idaho"
-33.89147550,151.27668450,"Bondi Beach - Sydney - Australia"
50.73743000,7.09820680,"Bonn, Deutschland"
44.83778900,-0.57918000,"Bordeaux"
44.83778900,-0.57918000,"Bordeaux, France"
42.36008250,-71.05888010,"Boston"
42.36008250,-71.05888010,"Boston, MA"
42.36008250,-71.05888010,"Boston, MA, USA"
40.71277530,-74.00597280,"Boston, New York, Los Angeles, Worldwide"
42.36008250,-71.05888010,"Boston,MA"
40.01498560,-105.27054560,"Boulder"
40.01498560,-105.27054560,"Boulder, CO"
40.01498560,-105.27054560,"Boulder, USA"
45.67699790,-111.04293390,"Bozeman, MT"
41.54544860,-8.42650700,"Braga, Portugal"
43.73154790,-79.76241770,"Brampton, Ontario Canada"
-14.23500400,-51.92528000,"Brasil"
-14.23500400,-51.92528000,"Brazil"
-23.51136910,-46.87294200,"Brazil, Barueri-SP"
53.07929620,8.80169360,"Bremen, Germany"
40.59801900,-111.58318700,"Brighton"
50.82253000,-0.13716300,"Brighton, UK"
-27.46977070,153.02512350,"Brisbane"
-27.46977070,153.02512350,"Brisbane, Australia"
36.51569400,-82.25696670,"Bristol"
51.45451300,-2.58791000,"Bristol, England"
51.45451300,-2.58791000,"Bristol, UK"
51.45451300,-2.58791000,"Bristol, United Kingdom"
45.15955500,1.53393700,"Brive-la-Gaillarde, FR"
49.19506020,16.60683710,"Brno, Czech Republic"
40.84478190,-73.86482680,"Bronx, NY"
40.67817840,-73.94415790,"Brooklyn"
40.67817840,-73.94415790,"Brooklyn, New York"
40.67817840,-73.94415790,"Brooklyn, NY"
40.67817840,-73.94415790,"Brooklyn, NY, USA"
37.79227540,-122.39819490,"Brooklyn, San Francisco"
40.67817840,-73.94415790,"Brookyln, NY"
51.20934800,3.22469950,"Bruges"
50.85033960,4.35171030,"Brussels, BE"
50.85034630,4.35172110,"Brussels, Belgium"
44.42676740,26.10253840,"Bucharest"
44.42676740,26.10253840,"Bucharest, Romania"
44.42676740,26.10253840,"Bucureşti, Romania"
47.49791200,19.04023500,"Budapest"
48.19202800,16.35689100,"Budapest - Wien"
47.49791200,19.04023500,"Budapest, Hungary"
47.50188280,19.04827570,"Budapest, Hungary (previously in Italy)"
-34.60368440,-58.38155910,"Buenos Aires"
-34.60368440,-58.38155910,"Buenos Aires, Argentina"
42.88644680,-78.87836890,"Buffalo, New York"
42.73388300,25.48583000,"Bulgaria"
48.17256130,12.83107530,"Burghausen, Germany"
49.24880910,-122.98051040,"Burnaby, B.C."
53.12348040,18.00843780,"Bydgoszcz, Poland"
40.69831410,-124.19531040,"C&R大学"
36.77826100,-119.41793240,"CA"
30.04441960,31.23571160,"Cairo, Egypt"
51.04861510,-114.07084590,"Calgary, AB"
51.04861510,-114.07084590,"Calgary, CA"
36.77826100,-119.41793240,"California"
36.77826100,-119.41793240,"California, USA"
34.21639370,-119.03760230,"Camarillo (CA, USA)"
52.20533700,0.12181700,"Cambridge"
42.37361580,-71.10973350,"Cambridge, MA"
52.20533700,0.12181700,"Cambridge, UK"
52.20533700,0.12181700,"Cambridge,UK"
37.28716510,-121.94995680,"Campbell, CA"
37.25884350,13.91769700,"Campobello di Licata, Sicily, Italy"
56.13036600,-106.34677100,"Canada"
46.81387830,-71.20798090,"Canada / Québec"
-35.28093680,149.13000920,"Canberra"
-35.28093680,149.13000920,"Canberra, Australia"
38.38611940,-97.42808950,"canton"
23.12911000,113.26438500,"Canton, China"
-33.92486850,18.42405530,"Cape Town, South Africa"
51.48158100,-3.17909000,"Cardiff, Wales"
33.15809330,-117.35059390,"Carlsbad, CA"
35.79154000,-78.78111690,"Cary, NC"
37.69409730,-122.08635220,"Castro Valley, CA"
41.97787950,-91.66562320,"Cedar Rapids, IA"
37.32298100,-121.88726700,"CET"
40.11642040,-88.24338290,"Champaign, IL"
22.18619020,78.74195280,"Chandametta, Madhya Pradesh, India"
30.73331480,76.77941790,"Chandigarh, India"
28.22820900,112.93881400,"changsha"
28.22820900,112.93881400,"Changsha ,China"
28.22820900,112.93881400,"ChangSha,China"
39.92146900,116.44310700,"Chaoyang Beijing"
35.91319960,-79.05584450,"Chapel Hill, North Carolina"
32.77647490,-79.93105120,"Charleston, SC"
38.02930590,-78.47667810,"Charlottesville, VA"
35.04562970,-85.30968010,"Chattanooga, TN"
30.57281500,104.06680100,"Chengdu"
30.57281500,104.06680100,"Chengdu  Sichuan, China"
30.57281500,104.06680100,"chengdu china "
30.57281500,104.06680100,"Chengdu Sichuan, China"
30.57281500,104.06680100,"Chengdu, China"
30.57281500,104.06680100,"Chengdu, Sichuan, China"
30.57281500,104.06680100,"Chengdu,China"
13.08268020,80.27071840,"Chennai, India"
18.70606410,98.98171630,"Chiang Mai, Thailand"
41.87811360,-87.62979820,"Chicago"
41.87811360,-87.62979820,"Chicago, IL"
41.87811360,-87.62979820,"Chicago, IL USA"
29.14164320,119.78892480,"China  Zhejiang"
37.77319670,-122.21622000,"China / NY / CA"
39.90419990,116.40739630,"China Beijing"
23.12911000,113.26438500,"China GuangZhou"
26.64766100,106.63015300,"China Gui Yang"
30.27408400,120.15507000,"China Hangzhou"
31.58350900,120.30137100,"China Hotel Wuxi"
22.54309600,114.05786500,"China Shenzhen"
30.65399030,104.06638160,"china shenzhen & chengdu"
30.57281500,104.06680100,"china sichuan chengdu"
23.69781000,120.96051500,"China taiwan "
34.74661100,113.62532800,"China zhengzhou"
22.27097800,113.57667700,"China 广东 珠海"
39.90419990,116.40739630,"China, Beijing"
23.12911000,113.26438500,"China, Guangdong, Guangzhou"
22.54309600,114.05786500,"China, ShenZhen"
30.27408400,120.15507000,"China, Zhejiang, Hangzhou"
39.90419990,116.40739630,"China,Beijing"
30.57281500,104.06680100,"china,chengdu"
30.27408400,120.15507000,"China,HangZhou"
31.23041600,121.47370100,"China,Shanghai"
23.12911000,113.26438500,"China.Guangzhou"
22.54309600,114.05786500,"china.shenzhen"
29.43158610,106.91225100,"Chongqing, China"
29.43158610,106.91225100,"CHONGQING,CHINA"
29.43158610,106.91225100,"Chongqing,China . 中国,重庆"
41.49932000,-81.69436050,"Cleveland, OH"
41.49932000,-81.69436050,"Cleveland, Ohio"
36.64797140,-95.14920700,"cloud"
37.09024000,-95.71289100,"CN"
50.93753100,6.96027860,"Cologne, Germany"
4.57086800,-74.29733300,"Colombia"
39.55005070,-105.78206740,"Colorado"
38.95170530,-92.33407240,"Columbia, Missouri"
39.96117550,-82.99879420,"Columbus OH"
39.96117550,-82.99879420,"Columbus, Ohio"
36.10882370,140.10365200,"Computer Science, University of Tsukuba, Japan."
40.07927660,-75.30157140,"Conshohocken, PA"
55.67609680,12.56833720,"Copenhagen"
55.67609680,12.56833720,"Copenhagen, Denmark"
51.89851430,-8.47560350,"Cork, Ireland"
9.74891700,-83.75342800,"Costa Rica"
50.06465010,19.94497990,"Cracow"
49.25768720,2.47839130,"Creil, France"
21.52175700,-77.78116700,"Cuba"
37.32299780,-122.03218230,"Cupertino, CA"
41.68017500,-88.20832100,"Cyberspace"
49.81749200,15.47296200,"Czech Republic"
50.07553810,14.43780050,"Czech Republic, Prague"
32.77666420,-96.79698790,"Dallas TX"
32.77666420,-96.79698790,"Dallas, TX"
32.77666420,-96.79698790,"Dallas, TX, USA"
32.75548830,-97.33076580,"Dallas/Fort Worth TX"
34.05467450,-118.26045010,"Daqri"
49.87282530,8.65119290,"Darmstadt, Germany"
52.01157690,4.35706770,"Delft"
52.01157690,4.35706770,"Delft, NL"
52.01157690,4.35706770,"Delft, The Netherlands"
28.70405920,77.10249020,"Delhi"
28.70405920,77.10249020,"Delhi, India"
28.70405920,77.10249020,"delhi,india"
26.46146250,-80.07282010,"Delray Beach, FL"
56.26392000,9.50178500,"Denmark"
39.73923580,-104.99025100,"Denver, CO"
39.51428480,-104.84546190,"Denver, CO Metro"
39.73923580,-104.99025100,"Denver, CO, USA"
39.73923580,-104.99025100,"Denver, Colorado"
-6.40248440,106.79424050,"Depok, Jawa Barat, Indonesia"
42.33142700,-83.04575380,"Detroit, MI"
50.71555910,-3.53087500,"Devon, UK"
32.70787510,-96.92091350,"DFW, Texas"
23.81033200,90.41251810,"Dhaka"
23.81033200,90.41251810,"Dhaka, Bangladesh"
23.02067300,113.75179900,"Dongguan, China"
51.51358720,7.46529810,"Dortmund, Germany"
51.51358720,7.46529810,"Dortmund, NRW, Germany"
51.05040880,13.73726210,"Dresden, Germany"
5.44593870,10.04715490,"Dschang, Cameroon"
25.20484930,55.27078280,"Dubai"
25.20484930,55.27078280,"Dubai, UAE"
25.09468310,55.16021260,"DUBAI, UAE, Dubai Internet City Building 16, #48"
25.20484930,55.27078280,"Dubai, United Arab Emirates"
53.34980530,-6.26030970,"Dublin"
53.34980530,-6.26030970,"Dublin, Ireland"
38.96248990,-77.43804850,"Dulles, VA"
51.22774110,6.77345560,"Düsseldorf, Germany"
36.19667140,-86.74221020,"East Nashville, TN"
44.81134900,-91.49849410,"Eau Claire, WI"
41.30074230,-111.81272120,"Eden, Utah"
55.95325200,-3.18826700,"Edinburgh"
55.95325200,-3.18826700,"Edinburgh, United Kingdom"
53.54438900,-113.49092670,"Edmonton, AB, Canada"
53.54438900,-113.49092670,"Edmonton, Alberta"
53.54438900,-113.49092670,"Edmonton, Alberta (Canada)"
26.82055300,30.80249800,"Egypt"
51.44164200,5.46972250,"Eindhoven, Netherlands"
33.91917990,-118.41646520,"El Segundo, CA"
52.35551770,-1.17431970,"England"
52.35551770,-1.17431970,"England, UK"
40.46366700,-3.74922000,"España"
41.00719140,-8.64103320,"Espinho, Portugal"
59.43696080,24.75357470,"Estonia, Tallinn"
42.69770820,23.32186750,"EU › Bulgaria › Sofia"
54.52596140,15.25511870,"Europe"
47.97898480,-122.20207950,"Everett, WA"
46.05015570,14.46892050,"Faculty of Computer and Information Science, University of Slovenia"
38.88233400,-77.17109140,"Falls Church, VA / Durham, NC / Boulder, CO"
28.40891230,77.31778940,"Faridabad"
44.83812370,11.61978700,"Ferrara, Italy"
61.92411000,25.74815110,"Finland"
36.77826100,-119.41793240,"Finland, California, Germany, ..."
43.76956040,11.25581360,"Firenze"
39.99966740,116.32644390,"FIT Building, Tsinghua University, Beijing"
34.15007740,-84.82593530,"Flavortown"
43.76956040,11.25581360,"Florence, Italy"
-27.59486980,-48.54821950,"Florianópolis Area, Brazil"
-27.59486980,-48.54821950,"Florianópolis/SC"
43.77304480,-88.44705080,"Fond du Lac, WI"
43.03861780,-82.47688800,"Fort Gratiot, MI"
26.12243860,-80.13731740,"Fort Lauderdale, FL"
-3.73271440,-38.52699810,"Fortaleza, Ceará, Brazil"
-20.53932880,-47.40134370,"Franca, São Paulo, Brazil"
46.22763800,2.21374900,"France"
45.18852900,5.72452400,"france, grenoble"
47.21837100,-1.55362100,"France, Nantes"
50.11092210,8.68212670,"Frankfurt am Main, Germany"
35.92506370,-86.86888990,"Franklin, TN"
47.99900770,7.84210430,"Freiburg, Germany"
39.15116920,-76.92305070,"Fulton, MD"
26.07447800,119.29648200,"Fuzhou Fujian, China"
26.07447800,119.29648200,"Fuzhou, China"
26.07447800,119.29648200,"FuZhou,CN"
29.65163440,-82.32482620,"Gainesville, FL"
23.21563540,72.63694150,"Gandhinagar , Gujarat , India"
51.55528860,5.69036600,"Gemert Netherlands"
46.20439070,6.14315770,"Geneva, Switzerland"
51.16569100,10.45152600,"Germany"
48.77584590,9.18293210,"Germany, Stuttgart"
52.52000660,13.40495400,"Germany/Berlin"
51.05434220,3.71742430,"Ghent, Belgium"
33.35282640,-111.78902700,"Gilbert, AZ"
40.01691970,-105.27797810,"GitHub"
55.86423700,-4.25180600,"Glasgow, Scotland, UK"
37.03299490,-95.64008550,"Global"
15.29932650,74.12399600,"Goa, India"
-28.01666700,153.40000000,"Gold Coast, Australia"
57.70887000,11.97456000,"Göteborg, Sweden"
42.96335990,-85.66808630,"Grand Rapids, MI, USA"
47.07071400,15.43950400,"Graz, Austria"
47.60610310,-122.33205340,"Greater Seattle area"
39.07420800,21.82431200,"Greece"
34.85261760,-82.39401040,"Greenville, SC"
45.18852900,5.72452400,"Grenoble, France - Lavras, Brazil - São Carlos, Brazil"
23.37903330,113.76328280,"GuangDong"
23.37903330,113.76328280,"Guangdong, China"
23.37903330,113.76328280,"GuangDong，China"
23.72475990,108.80761950,"Guangxi,China"
23.12911000,113.26438500,"Guangzhou"
23.12911000,113.26438500,"Guangzhou China"
23.12911000,113.26438500,"Guangzhou, China"
23.12911000,113.26438500,"GuangZhou,China"
51.23622000,-0.57040900,"Guildford, UK"
26.84296450,107.29028390,"GuiZhou,China"
28.45949650,77.02663830,"Gurgaon, India"
42.37029960,-87.90201860,"Gurnee, IL"
44.64876350,-63.57523870,"Halifax, Canada"
53.55108460,9.99368190,"Hamburg, Berlin (DE) & Athens (GR)"
53.55108460,9.99368190,"Hamburg, DE"
53.55108460,9.99368190,"Hamburg, Germany"
53.55108460,9.99368190,"Hamburg, Germany, Earth (Sol)"
43.25572060,-79.87110240,"Hamilton, Ontario"
51.67385830,7.81598170,"Hamm, Germany"
30.27408400,120.15507000,"Hang Zhou"
30.27408400,120.15507000,"Hang Zhou, Zhe Jiang, China"
30.27408400,120.15507000,"HangZhou"
30.27408400,120.15507000,"HangZhou China"
30.27408400,120.15507000,"Hangzhou, China, Earth"
30.27408400,120.15507000,"Hangzhou, China."
30.26394400,120.12327900,"Hangzhou, Zhejiang University (ZJU), China"
30.27408400,120.15507000,"Hangzhou, Zhejiang, China"
30.27408400,120.15507000,"HangZhou,China"
30.27408400,120.15507000,"Hangzhou.China"
30.27408400,120.15507000,"HangZhou/SuZhou,China"
30.27408400,120.15507000,"Hangzhou@China"
52.37589160,9.73201040,"Hanover, Germany"
45.80377500,126.53496700,"Harbin, China"
45.80377500,126.53496700,"Harbin, Heilongjiang, China"
42.37700290,-71.11666010,"Harvard University, Cambridge, MA"
31.82059100,117.22721900,"HeFei AnHui China"
31.82059100,117.22721900,"Hefei, Anhui, China"
31.82059100,117.22721900,"HeFei, China"
31.82059100,117.22721900,"HeFei,China"
60.16985570,24.93837910,"Helsinki, Finland"
22.31930390,114.16936110,"HK"
10.82309890,106.62966380,"Ho Chi Minh city, Vietnam"
10.82309890,106.62966380,"Ho Chi Minh, Vietnam"
52.13263300,5.29126600,"Holland"
42.78752350,-86.10893010,"Holland, MI"
22.31930390,114.16936110,"Hong Kong"
22.31930390,114.16936110,"Hong Kong, China"
22.31930390,114.16936110,"HongKong, China"
21.30694440,-157.85833330,"Honolulu, HI, USA"
29.76042670,-95.36980280,"Houston, Texas"
29.76042670,-95.36980280,"Houston, TX"
29.74038550,-95.53788420,"Houston, TX & Germany"
27.08508500,108.89409300,"Huai Hua"
47.16249400,19.50330410,"Hungary"
17.38504400,78.48667100,"Hyderabad, India"
35.95871550,-96.01249150,"HZ"
0.00000000,0.00000000,"HZ CHN"
47.15845490,27.60144180,"Iasi, Romania"
7.37753550,3.94703960,"Ibadan, Nigeria"
44.06820190,-114.74204080,"Idaho, US"
56.83355790,24.49543990,"Ikšķile, Latvija (Latvia)"
43.72015740,-71.32192060,"In the Cloud"
38.89908450,-77.00849530,"In your pocket."
20.59368400,78.96288000,"India "
39.76840300,-86.15806800,"Indianapolis"
-0.78927500,113.92132700,"Indonesia"
47.26239860,11.39508640,"Innsbruck, Düsseldorf"
37.09024000,-95.71289100,"International"
37.03483890,-95.61528220,"Internet"
53.14236720,-7.69205360,"Ireland"
33.68456730,-117.82650490,"Irvine, CA"
54.23610700,-4.54805600,"Isle of Man"
31.04605100,34.85161200,"Israel"
41.00823760,28.97835890,"Istanbul"
51.52373420,-0.14391690,"Istanbul & London"
41.00823760,28.97835890,"Istanbul, Turkey"
41.87194000,12.56738000,"Italia"
41.87194000,12.56738000,"Italy"
30.33218380,-81.65565100,"Jacksonville, FL"
-6.20876340,106.84559900,"Jakarta, Indonesia"
31.32601520,75.57618290,"Jalandhar, India"
36.20482400,138.25292400,"Japan"
39.96525530,-74.31182120,"Jersey Shore"
31.29897400,120.58528900,"JiangSu,SuZhou"
27.08745640,114.90422080,"JiangXi,China"
31.94536660,35.92837160,"Jordan-Amman"
54.71042640,20.45221440,"Kaliningrad, Russia"
35.49135350,139.28414300,"Kanagawa, Japan"
36.56103090,136.65664740,"Kanazawa, Ishikawa, Japan"
39.09972650,-94.57856670,"Kansas City"
39.09972650,-94.57856670,"Kansas City, MO"
49.00689010,8.40365270,"Karlsruhe"
49.00689010,8.40365270,"Karlsruhe, Germany"
50.26489190,19.02378150,"Katowice, Poland"
35.53083250,139.70291250,"Kawasaki, Japan/China"
55.83043070,49.06608060,"Kazan, Russia"
-1.27307650,36.81105530,"Kenya and across the Internet"
36.31382350,-94.11805590,"Kerry"
49.99350000,36.23038300,"Kharkiv"
54.32329270,10.12276510,"Kiel, Germany"
50.45010000,30.52340000,"Kiev"
50.45010000,30.52340000,"Kiev, Ukraine"
44.23117170,-76.48595440,"Kingston, Ontario, Canada"
43.45163950,-80.49253370,"Kitchener / Waterloo"
9.93123280,76.26730410,"Kochi, India"
22.57264600,88.36389500,"Kolkata, India"
45.54805900,13.73018770,"Koper, Slovenia"
37.66399760,127.97845850,"Korea"
50.06465010,19.94497990,"Kraków, PL"
50.06465010,19.94497990,"Krakow, Poland"
56.01528340,92.89324760,"Krasnoyarsk (Russia)"
50.45010000,30.52340000,"Kyiv"
50.45010000,30.52340000,"Kyiv, Ukraine"
35.01156400,135.76814890,"Kyoto, Japan"
32.83281120,-117.27127170,"La Jolla, CA"
39.99359590,-105.08970580,"Lafayette / Boulder, CO (Colorado)"
42.73253500,-84.55553470,"Lansing, MI"
36.16994120,-115.13982960,"Las Vegas, Nevada"
36.16994120,-115.13982960,"Las Vegas,NV"
56.87963500,24.60318900,"Latvia"
46.51965350,6.63227340,"Lausanne, Switzerland"
33.85472100,35.86228500,"Lebanon"
53.80075540,-1.54907740,"Leeds, UK"
51.33969550,12.37307470,"Leipzig"
51.33969550,12.37307470,"Leipzig, Germany"
46.73822650,-71.24645910,"Lévis, Québec, Canada"
38.77455650,-75.13934980,"Lewes, Delaware · Bengaluru"
30.24337900,120.16043300,"Life is Art, HangZhou China"
50.62925000,3.05725600,"Lille, France"
-12.04637310,-77.04275400,"Lima - Perú"
48.30694000,14.28583000,"Linz, Austria"
38.72225240,-9.13933660,"Lisbon"
38.72225240,-9.13933660,"Lisbon, Portugal"
53.40837140,-2.99157260,"Liverpool, United Kingdom"
46.05694650,14.50575150,"Ljubljana"
39.96538130,-75.14257090,"localhost"
51.50735090,-0.12775830,"London"
51.50749770,-0.02386190,"London Docklands"
51.50735090,-0.12775830,"London, Berlin and San Francisco"
39.73923580,-104.99025100,"London, Denver, Remote"
51.50735090,-0.12775830,"London, England"
51.50735090,-0.12775830,"London, Porto and Cluj"
51.50735090,-0.12775830,"London, Rennes, The Internet..."
51.50735090,-0.12775830,"London, U.K."
51.50735090,-0.12775830,"London, UK."
51.50735090,-0.12775830,"London, United Kingdom"
51.45894360,-2.59309350,"London/Bristol/Birmingham UK"
34.05223420,-118.24368490,"Los Angeles"
34.05223420,-118.24368490,"Los Angeles, CA"
34.05223420,-118.24368490,"Los Angeles, California, USA"
34.05223420,-118.24368490,"Los Angeles, USA"
37.23580780,-121.96237510,"Los Gatos, California"
39.97776300,-105.13192960,"Louisville, CO"
38.25266470,-85.75845570,"Louisville, KY"
46.00367780,8.95105200,"Lugano"
49.81527300,6.12958300,"Luxembourg"
49.63342080,6.13806220,"Luxembourg & Shanghai"
49.83968300,24.02971700,"Lviv, Ukraine"
45.76404300,4.83565900,"Lyon"
45.76404300,4.83565900,"Lyon, France"
50.85136820,5.69097250,"Maastricht, The Netherlands"
41.02967730,21.32921640,"Macedonia, Bitola"
32.76070740,-16.95947230,"Madeira, PT"
42.33193230,-71.09083970,"Madison, Boston"
32.46180860,-90.11536380,"Madison, MS"
43.07305170,-89.40123020,"Madison, WI"
43.07305170,-89.40123020,"Madison, WI USA"
40.41677540,-3.70379020,"Madrid"
40.41677540,-3.70379020,"Madrid (Spain)"
40.41677540,-3.70379020,"Madrid, Spain"
31.23041600,121.47370100,"MagicLab,Shanghai, China"
49.99286170,8.24725260,"Mainz, Germany"
36.72127370,-4.42139880,"Málaga, Spain"
55.60498100,13.00382200,"Malmö, Sweden"
35.93749600,14.37541600,"Malta"
53.48075930,-2.24263050,"Manchester"
42.99563970,-71.45478910,"Manchester, NH"
53.48075930,-2.24263050,"Manchester, Uk"
14.59951240,120.98421950,"Manila, Philippines"
49.48745920,8.46603950,"Mannheim, Germany"
42.34592710,-71.55228740,"Marlborough, MA"
31.62947230,-7.98108450,"Marrakech, Morocco"
37.09012870,-95.71505820,"Mars"
39.04575490,-76.64127120,"Maryland"
42.40721070,-71.38243740,"Massachusetts, USA"
48.73075600,2.27137000,"Massy, France"
35.46819080,133.04840550,"Matsue, Japan"
20.79836260,-156.33192530,"Maui, Hawaii, USA"
40.21326920,-77.00803090,"Mechanicsburg, PA"
47.62483330,-122.23605970,"Medina WA USA"
-37.81362760,144.96305760,"Melbourne"
-37.81362760,144.96305760,"Melbourne, Australia"
-37.81362760,144.96305760,"Melbourne, Australia."
39.30767440,-123.79945910,"Mendocino, CA"
37.45295980,-122.18172520,"Menlo Park"
37.45295980,-122.18172520,"Menlo Park, CA"
37.45295980,-122.18172520,"Menlo Park, California"
43.61210870,-116.39151310,"Meridian, ID"
40.38200400,-74.56513490,"Metaverse"
23.63450100,-102.55278400,"México "
25.76167980,-80.19179020,"Miami, FL"
25.76167980,-80.19179020,"Miami, Florida"
44.31484430,-85.60236430,"Michigan"
35.84861050,-86.36488130,"Middle Tennessee"
52.47507430,-1.82983300,"Midlands, UK"
45.46420350,9.18998200,"Milan, Italy"
45.46420350,9.18998200,"Milano - Italy"
37.43233410,-121.89957410,"Milpitas, CA"
44.97775300,-93.26501080,"Minneapolis, MN"
46.72955300,-94.68589980,"Minnesota"
53.90453980,27.56152440,"Minsk"
53.90453980,27.56152440,"Minsk, Belarus"
39.10390300,-94.58107520,"Missing."
42.36009100,-71.09416000,"MIT, Center for Mobile Learning"
40.82590070,-74.20900530,"Montclair, NJ, USA"
42.43041960,19.25936420,"Montenegro / Podgorica"
-34.90111270,-56.16453140,"Montevideo, Uruguay"
40.24732910,-75.24378530,"Montgomeryville, PA"
43.61076900,3.87671600,"Montpellier, France"
45.50168890,-73.56725600,"Montreal"
45.50168890,-73.56725600,"Montreal - Canada"
45.50168890,-73.56725600,"Montreal, Canada"
45.50168890,-73.56725600,"Montreal, QC"
45.50168890,-73.56725600,"Montreal, Quebec"
45.50168890,-73.56725600,"Montreal, Quebec, Canada"
45.58450010,9.27444850,"Monza"
40.79676670,-74.48154380,"Morristown, NJ"
55.75582600,37.61729990,"Moscow"
55.74276540,37.59901250,"Moscow & London"
55.75582600,37.61729990,"Moscow, Russia"
55.75582600,37.61729990,"Moscow, Russian Federation"
39.93400200,-74.89099880,"Mount Laurel, NJ"
37.38605170,-122.08385110,"Mountain View"
37.38605170,-122.08385110,"Mountain View, CA"
37.38605170,-122.08385110,"Mountain View, CA / St. Louis, MO"
37.38605170,-122.08385110,"Mountain View, CA, USA"
37.38605170,-122.08385110,"Mountain View, California"
37.38605170,-122.08385110,"Mountain View, California, United States"
37.17547180,-93.26468360,"Multiple Locations"
19.07598370,72.87765590,"Mumbai"
19.07598370,72.87765590,"Mumbai, India"
48.13512530,11.58198050,"Munich"
48.13512530,11.58198050,"Munich - Germany"
48.13512530,11.58198050,"Munich, Germany"
51.49757500,-0.13402580,"Munich, London"
36.64852580,138.19503710,"Nagano, Japan"
-1.29206590,36.82194620,"Nairobi"
28.68289200,115.85819700,"nanchang"
28.68289200,115.85819700,"NanChang, JiangXi"
48.69205400,6.18441700,"Nancy, France"
32.06025500,118.79687700,"Nanjing"
32.06025500,118.79687700,"NanJing China"
32.06025500,118.79687700,"Nanjing, China"
32.06025500,118.79687700,"Nanjing,China"
47.21837100,-1.55362100,"Nantes, France"
47.21837100,-1.55362100,"Nantes, France."
35.68164070,140.02719410,"Narashino, Chiba"
42.76536620,-71.46756600,"Nashua, NH, USA"
36.16266380,-86.78160160,"Nashville, TN"
36.16266380,-86.78160160,"Nashville, TN, USA"
-5.77925690,-35.20091600,"Natal@RN"
19.03304880,73.02966250,"Navi Mumbai, India"
35.75957310,-79.01929970,"NC, USA"
38.93992600,-119.97718680,"Near Lake Tahoe, CA"
42.28092850,-71.23775480,"Needham, MA, USA"
52.13263300,5.29126600,"Netherlands"
28.61393910,77.20902120,"New Delhi"
28.61393910,77.20902120,"New Delhi, India"
40.05832380,-74.40566120,"New Jersey"
41.35565390,-72.09952090,"New London, CT"
40.71277530,-74.00597280,"New York City"
40.71277530,-74.00597280,"New York City, New York"
40.71277530,-74.00597280,"New York City, NY, USA"
36.10237150,-115.17455590,"New York, New York"
40.75498210,-73.98718530,"New York, NY (and everywhere)"
40.71277530,-74.00597280,"New York, NY, USA"
40.75442350,-73.96981640,"New York, US – Kiev, Ukraine"
40.71277530,-74.00597280,"New York, USA"
-40.90055700,174.88597100,"New Zealand"
37.52965930,-122.04023990,"Newark, CA"
54.97825200,-1.61778000,"Newcastle, UK"
44.05918700,-79.46125600,"Newmarket, Ontario, Canada"
33.61888290,-117.92984930,"Newport Beach, California"
9.08199900,8.67527700,"Nigeria"
51.84488370,5.84282810,"Nijmegen, The Netherlands"
29.86833600,121.54399000,"Ningbo,China"
31.23925140,121.48382040,"Ningbo->Shanghai, China"
43.32090220,21.89575890,"Niš, Serbia"
40.77485100,-74.03851140,"NJ/NYC"
36.67050100,-95.93623200,"no"
40.04559170,-86.00859550,"Noblesville, IN"
51.48265370,5.23216870,"Noord-Brabant, the Netherlands"
38.76362420,-77.17641490,"Northern Virginia"
60.47202400,8.46894600,"Norway"
52.95478320,-1.15810860,"Nottingham, UK"
49.45210180,11.07666540,"Nuremberg, Germany"
40.71277530,-74.00597280,"NY"
40.75284010,-73.99159400,"NY & LA"
40.71277530,-74.00597280,"NYC"
40.79570170,-73.97256840,"NYC + Paris"
37.79628200,-122.40199100,"NYC / SF"
40.71277530,-74.00597280,"NYC, Minnesota, Montana, Pennsylvania, Texas, Indiana, Michigan, Illinois, New Hampshire, Washington DC, South Carolina, Mayne Island, Canmore, Bremen, Vilnius, Barcelona, Madrid, London"
40.71277530,-74.00597280,"NYC, NY"
40.71277530,-74.00597280,"NYC/Ankara"
42.34194280,-71.06941560,"NYC/Boston"
37.80436370,-122.27111370,"Oakland, CA"
50.07511900,8.85729690,"Obertshausen, Germany"
40.41728710,-82.90712300,"OH, USA"
35.46756020,-97.51642760,"Oklahoma City, OK"
53.14345010,8.21455210,"Oldenburg, Germany"
41.25653690,-95.93450340,"Omaha, NE"
54.98848040,73.32423610,"Omsk"
32.79809820,-96.83388770,"On the road"
36.07988500,-95.85050920,"On Your Computer"
51.25377500,-85.32321400,"Ontario, Canada"
28.53833550,-81.37923650,"Orlando, FL"
28.53833550,-81.37923650,"Orlando, FL, United States of America"
28.53833550,-81.37923650,"Orlando, Florida"
51.70719410,5.30981760,"Orthen"
34.69372490,135.50225350,"Osaka, Japan"
44.02470620,-88.54261360,"Oshkosh, WI"
59.91386880,10.75224540,"Oslo"
59.91386880,10.75224540,"Oslo, Norway"
45.42152960,-75.69719310,"Ottawa"
45.42152960,-75.69719310,"Ottawa, Canada"
45.42152960,-75.69719310,"Ottawa, ON"
45.42152960,-75.69719310,"Ottawa, Ontario, Canada"
65.01208880,25.46507720,"Oulu, Finland"
38.98222820,-94.67079170,"Overland Park, KS"
34.36649510,-89.51924840,"Oxford"
37.37623300,-122.03061000,"Oxford and Silicon Valley"
51.75202090,-1.25772630,"Oxford, UK"
44.89278380,-123.03404550,"Pacific Northwest"
42.58997800,-87.87760400,"Pallet Town"
37.44188340,-122.14301950,"Palo Alto"
37.44188340,-122.14301950,"Palo Alto, CA"
37.44188340,-122.14301950,"Palo Alto, CA, USA"
37.44188340,-122.14301950,"Palo Alto, California"
37.39479800,127.11113500,"Pankyo, Seongnam, Kyungi, Republic of Korea."
40.04190210,-75.48764450,"Paoli, PA"
48.85661400,2.35222190,"Paris"
48.87948590,2.33479520,"Paris & more"
25.77367480,-80.18929940,"Paris / Miami"
48.85661400,2.35222190,"Paris France"
48.85874950,2.34899260,"Paris, FR"
48.85661400,2.35222190,"Paris, France"
48.85661400,2.35222190,"Paris, Lyon, San Francisco"
48.85661400,2.35222190,"Paris, Stockholm, SF"
34.14778490,-118.14451550,"Pasadena, CA"
34.14778490,-118.14451550,"Pasadena, California, US"
14.57637680,121.08510970,"Pasig, Philippines"
39.98691300,116.30587390,"Peking University"
39.98691300,116.30587390,"Peking University, Beijing"
39.98691300,116.30587390,"Peking University, Beijing, China"
58.02968130,56.26679160,"Perm, Russia"
-31.95334510,115.85592430,"Perth, Australia + Tokyo, Japan"
39.95258390,-75.16522150,"philadelphia"
39.95258390,-75.16522150,"Philadelphia, PA"
39.95258390,-75.16522150,"Philadelphia, Pennsylvania"
12.87972100,121.77401700,"Philippines"
33.44837710,-112.07403730,"Phoenix"
33.44837710,-112.07403730,"Phoenix, AZ"
40.44062480,-79.99588640,"Pittsburgh"
40.44062480,-79.99588640,"Pittsburgh, PA"
40.44062480,-79.99588640,"Pittsburgh, PA, USA"
33.77246610,-84.36671180,"Pivotal Inc."
41.90961100,-87.77196400,"Planet Earth"
41.90961100,-87.77196400,"Planet Earth!"
33.01984310,-96.69888560,"Plano, TX"
33.01984310,-96.69888560,"Plano, TX, USA"
43.75701960,-71.68815280,"Plymouth, NH"
51.91943800,19.14513600,"Poland"
45.51545860,-122.67934610,"Portland"
45.51545860,-122.67934610,"Portland OR"
43.65909930,-70.25681890,"Portland, Maine"
45.51545860,-122.67934610,"Portland, OR"
45.51545860,-122.67934610,"Portland, OR USA"
45.51545860,-122.67934610,"Portland, Oregon"
45.48022490,-122.56848300,"Portland, Oregon & Worldwide. "
45.51545860,-122.67934610,"Portland, Oregon USA"
45.51545860,-122.67934610,"Portland, Oregon, USA"
-30.03464710,-51.21765840,"Porto Alegre / Brazil"
-30.03464710,-51.21765840,"Porto Alegre, Brazil"
-30.03464710,-51.21765840,"Porto Alegre, Rio Grande do Sul, Brazil"
39.39987200,-8.22445400,"Portugal"
52.40637400,16.92516810,"Poznań"
50.07553810,14.43780050,"Prague"
37.79551370,-122.40099480,"Prague / San Francisco"
50.07553810,14.43780050,"Prague, Czech Republic"
50.07553810,14.43780050,"Prague, The Czech Republic"
50.07553810,14.43780050,"Praha, Czechia"
37.34311630,-95.28025110,"PRC"
40.35729760,-74.66722260,"Princeton, New Jersey"
31.22151700,121.54437900,"pudong,shanghai"
18.52043030,73.85674370,"Pune, India"
36.06710800,120.38260900,"Qingdao"
36.06710800,120.38260900,"QingDao, China"
36.06710800,120.38260900,"Qingdao,China"
23.68177400,113.05604200,"Qingyuan, Guangdong, China"
46.81387830,-71.20798090,"Québec City"
46.81387830,-71.20798090,"Quebec City, Canada"
43.35362700,-73.67716620,"Queensbury, NY"
35.77958970,-78.63817870,"Raleigh, NC"
35.89916780,-78.86364020,"Raleigh/Durham, NC"
59.80275220,18.31063750,"Rånäs, Sweden"
51.45426450,-0.97813030,"Reading, UK"
34.05556930,-117.18253810,"Redlands, California, USA"
47.67398810,-122.12151200,"Redmond"
47.67398810,-122.12151200,"Redmond, WA"
47.62957720,-122.13662030,"Redmond, WA & the cloud"
47.67398810,-122.12151200,"Redmond, WA, USA."
33.84918160,-118.38840780,"Redondo Beach, CA"
37.48521520,-122.23635480,"Redwood City"
37.48521520,-122.23635480,"Redwood City, Ca"
37.48521520,-122.23635480,"Redwood City, California"
37.53641340,-122.24553640,"Redwood Shores, CA"
44.69899320,10.62968590,"Reggio Emilia, Italy"
45.33324820,-122.57288740,"Remote"
38.10031070,-92.68549690,"Remote first"
48.11726600,-1.67779260,"Rennes, Fr"
48.11726600,-1.67779260,"Rennes, France"
35.90775700,127.76692200,"Republic of Korea"
32.94833350,-96.72985190,"Richardson, TX"
46.28042000,-119.27519960,"Richland, WA"
56.94964870,24.10518650,"Riga, Latvia"
-22.90684670,-43.17289650,"Rio de Janeiro, Brazil"
-22.90684670,-43.17289650,"Rio de Janeiro, RJ"
-22.90684670,-43.17289650,"Rio de Janeiro, RJ, Brazil"
37.27097040,-79.94142660,"Roanoke, VA"
41.90278350,12.49636550,"Roma, IT"
45.94316100,24.96676000,"România"
41.90278350,12.49636550,"Rome"
41.90278350,12.49636550,"Rome, Italy"
-32.95870220,-60.69304160,"Rosario, Santa Fe, Argentina"
47.23571370,39.70150500,"Rostov-on-Don, Russia"
51.92442010,4.47773260,"Rotterdam"
-23.58740090,-46.63339810,"Rua Vergueiro, 3.057"
61.52401000,105.31875600,"Russia"
53.35477920,83.76978330,"Russia, Barnaul"
55.16444190,61.43684320,"Russia, Chelyabinsk"
55.75582600,37.61729990,"Russia, Moscow"
54.60954180,39.71258570,"Russia, Ryazan"
59.93428020,30.33509860,"Russia, Saint Petersburg"
61.52401000,105.31875600,"Russian Federation"
49.24015720,6.99693270,"Saarbrücken, Germany"
49.25502840,7.04097500,"Saarland University"
38.58157190,-121.49439960,"Sacramento"
10.82309890,106.62966380,"Saigon, Vietnam"
47.27349790,-2.21384800,"Saint Nazaire"
59.93428020,30.33509860,"Saint Petersburg"
59.93428020,30.33509860,"Saint Petersburg, Russia"
59.93428020,30.33509860,"Saint-Petersburg, Russia"
35.86164860,139.64547820,"Saitama, Japan"
29.94602340,-90.11321300,"salesforce.com"
40.76077930,-111.89104740,"Salt Lake City, UT"
40.76077930,-111.89104740,"Salt Lake City, Utah"
47.80949000,13.05501000,"Salzburg, Austria"
47.61626830,-122.03557360,"Sammamish, WA"
37.09024000,-95.71289100,"san"
29.42412190,-98.49362820,"San Antonio, TX"
32.71573800,-117.16108380,"San Diego"
32.71573800,-117.16108380,"San Diego, CA"
32.71573800,-117.16108380,"San Diego, California"
37.77492950,-122.41941550,"San Francico"
37.77492950,-122.41941550,"San Francisco"
37.78780890,-122.40612130,"San Francisco & Berlin"
40.76943600,-73.96267900,"San Francisco & New York City"
45.49145190,-122.48696750,"San Francisco & Portland"
49.28379280,-123.12098880,"San Francisco & Vancouver"
37.82717840,-122.29130780,"San Francisco Bay Area"
37.82717840,-122.29130780,"San Francisco Bay Area, CA, USA"
37.78308440,-122.39330240,"San Francisco, Bangalore"
37.77492950,-122.41941550,"San Francisco, CA USA"
37.77492950,-122.41941550,"San Francisco, CA, USA"
37.77492950,-122.41941550,"San Francisco, California"
37.79238970,-122.41044430,"San Francisco, London, Austin, Singapore"
37.75586550,-122.40746690,"San Francisco, Outer Space"
37.77492950,-122.41941550,"San Francisco, USA"
37.38747400,-122.05754340,"San Francisco/Silicon Valley, CA"
37.33820820,-121.88632860,"San Jose, CA"
37.33820820,-121.88632860,"San Jose, US"
36.54997550,-121.92782920,"San Junipero"
35.28275240,-120.65961560,"San Luis Obispo, California"
37.56299170,-122.32552540,"San Mateo, CA"
37.77492950,-122.41941550,"Sanfancisco"
34.42083050,-119.69819010,"Santa Barbara"
37.35410790,-121.95523560,"Santa Clara CA"
37.35410790,-121.95523560,"Santa Clara, CA"
37.35410790,-121.95523560,"Santa Clara, California"
35.68697520,-105.93779900,"Santa Fe, NM"
34.01945430,-118.49119120,"Santa Monica"
34.01945430,-118.49119120,"Santa Monica, CA"
-23.62336250,-46.55524330,"São Caetano do Sul, SP - Brasil"
-23.55051990,-46.63330940,"São Paulo"
-23.55051990,-46.63330940,"São Paulo - SP"
-23.55051990,-46.63330940,"São Paulo, Brazil"
32.08089890,-81.09120300,"Savannah, GA"
52.09341920,7.23598240,"Schoeppingen Germany"
1.29664260,103.77639390,"School of Computing, National University of Singapore"
56.49067120,-4.20264580,"Scotland"
37.12528650,-95.66894560,"SEA"
30.31706410,-86.12943650,"Seagrove Beach, FL"
47.60620950,-122.33207080,"Seattle"
47.60620950,-122.33207080,"Seattle WA"
47.60620950,-122.33207080,"Seattle, USA"
47.60620950,-122.33207080,"Seattle, WA, USA"
-7.00514530,110.43812540,"Semarang"
37.56653500,126.97796920,"Seoul"
37.56653500,126.97796920,"Seoul, Korea"
37.56653500,126.97796920,"Seoul, Republic of Korea"
37.56653500,126.97796920,"Seoul, South Korea"
37.77492950,-122.41941550,"SF"
37.82717840,-122.29130780,"SF Bay Area"
37.82717840,-122.29130780,"SF Bay Area, California"
37.82717840,-122.29130780,"SF Bay Area, USA"
37.77492950,-122.41941550,"SF, CA"
37.62131290,-122.37895540,"SFO"
31.23041600,121.47370100,"SH,China"
31.23041600,121.47370100,"Shanghai"
31.23041600,121.47370100,"Shanghai & Beijing & Hangzou"
31.23041600,121.47370100,"Shanghai , China"
47.59766970,-122.32613310,"Shanghai / Seattle"
31.23041600,121.47370100,"Shanghai China"
31.23041600,121.47370100,"Shanghai, Beijing, Shenzhen"
31.23041600,121.47370100,"Shanghai, CN"
31.23041600,121.47370100,"Shanghai,China"
31.18925670,121.44019850,"Shanghai,Shenzhen"
31.23041600,121.47370100,"shanghai. China"
53.38112900,-1.47008500,"Sheffield, UK"
22.54309600,114.05786500,"Shen Zhen  in China"
22.54309600,114.05786500,"Shenzhen"
22.54309600,114.05786500,"ShenZhen China"
22.54309600,114.05786500,"Shenzhen, China."
22.54309600,114.05786500,"Shenzhen, Guangdong Province, China"
22.54309600,114.05786500,"Shenzhen,China"
22.54309600,114.05786500,"Shenzhen,Guangdong"
22.54309600,114.05786500,"Shenzhen,Guangdong,China"
22.54309600,114.05786500,"ShenZhen.China "
35.66197070,139.70379500,"Shibuya"
35.66197070,139.70379500,"Shibuya, Tokyo, Japan"
50.79984730,7.20745140,"Siegburg, Germany"
37.38747400,-122.05754340,"Silicon Valley"
37.38747400,-122.05754340,"Silicon Valley, California, USA"
1.35208300,103.81983600,"Singapore"
55.99025720,13.59576920,"Skåne"
64.75024400,20.95091700,"Skellefteå, Sweden"
48.66902600,19.69902400,"Slovakia"
46.15124100,14.99546300,"Slovenia"
42.69770820,23.32186750,"Sofia, Bulgaria"
40.72330100,-74.00298830,"SOHO"
42.38759680,-71.09949680,"Somerville, MA"
37.38747400,-122.05754340,"Somewhere in Silicon Valley"
37.01639170,-95.61561500,"Source"
-30.55948200,22.93750600,"South Africa"
26.30139170,-80.63269160,"South Florida"
35.90775700,127.76692200,"South Korea"
46.73409550,11.28880150,"South Tyrol, Italy"
59.23177580,-135.46107040,"southeast Alaska"
42.79767910,-122.43329920,"Southern Oregon"
40.46366700,-3.74922000,"Spain"
40.47924280,-3.68698530,"Spain / Australia"
36.30766820,-96.46428860,"Spess"
7.87305400,80.77179700,"Sri Lanka"
51.75272500,-0.33943600,"St. Albans, UK"
47.42448180,9.37671730,"St. Gallen, Switzerland"
47.56150960,-52.71257680,"St. John's, Newfoundland & Labrador"
38.62700250,-90.19940420,"St. Louis, MO"
48.13512530,11.58198050,"St.Petersburg, Munich, Moscow, Prague, Boston, Novosibirsk"
37.42747450,-122.16971900,"Stanford"
37.42410600,-122.16607560,"Stanford, CA"
37.42410600,-122.16607560,"Stanford, California"
58.96997560,5.73310740,"Stavanger, Norway"
59.32932350,18.06858080,"Stockholm"
59.32932350,18.06858080,"Stockholm, Sweden"
48.77584590,9.18293210,"Stuttgart, Germany"
37.36883000,-122.03634960,"Sunnyvale, CA"
37.36883000,-122.03634960,"Sunnyvale, CA, USA"
37.36883000,-122.03634960,"Sunnyvale, California"
31.29897400,120.58528900,"Suzhou"
31.29897400,120.58528900,"Suzhou China"
31.29897400,120.58528900,"Suzhou, China"
31.29897400,120.58528900,"Suzhou,China"
60.12816100,18.64350100,"Sweden"
59.32932350,18.06858080,"Sweden, Stockholm"
46.81818800,8.22751200,"Switzerland"
-33.86881970,151.20929550,"Sydney"
-33.86881970,151.20929550,"Sydney Australia"
58.37798300,26.72903830,"Sydney | Tartu | Pasadena"
-33.86881970,151.20929550,"Sydney, Australia"
-33.86881970,151.20929550,"Sydney, San Francisco, Austin, and more!"
43.04812210,-76.14742440,"Syracuse, NY"
22.54309600,114.05786500,"SZ China"
25.03296940,121.56541770,"Taipei"
25.03296940,121.56541770,"Taipei, Taiwan"
23.69781000,120.96051500,"Taiwan"
25.03296940,121.56541770,"Taiwan, Taipei"
59.43696080,24.75357470,"Tallinn, Estonia"
27.95057500,-82.45717760,"Tampa"
27.76338300,-82.54367220,"Tampa Bay, Florida"
27.95057500,-82.45717760,"Tampa, FL"
61.49775240,23.76095350,"Tampere, Finland"
32.08529990,34.78176760,"Tel Aviv"
32.08529990,34.78176760,"Tel Aviv, Israel"
32.08529990,34.78176760,"Tel Aviv, Vilnius, Dnipropetrovsk, Kiev, San Francisco, Miami, NYC"
32.08529990,34.78176760,"Tel-Aviv, Israel"
33.42551040,-111.94000540,"Tempe, AZ, USA"
31.96859880,-99.90181310,"Texas"
15.87003200,100.99254100,"Thailand"
37.09024000,-95.71289100,"The  Internet"
37.50872420,-121.96063370,"The Blockchain"
47.61371580,-122.31772940,"the cloud"
44.93939450,-93.23944930,"The Future"
52.07049780,4.30069990,"The Hague, Netherlands"
35.33749350,-97.48381610,"The Hearth"
37.09024000,-95.71289100,"The Internet"
43.66863010,-79.39320980,"the Internet of Things"
37.09024000,-95.71289100,"The Internet!"
36.34548560,-94.19365120,"The Mars"
30.43558840,-84.26581340,"The Moon"
29.19720140,-82.10336210,"The multiverse"
52.13263300,5.29126600,"The Netherlands"
36.15689020,-95.99153460,"The Universe"
39.37147700,-84.38655500,"The web"
39.37147700,-84.38655500,"The Web!"
39.82948000,-81.73302400,"The wilds."
30.16582070,-95.46126250,"The Woodlands, TX"
37.09024000,-95.71289100,"The World"
41.39231910,2.11254030,"The World (Barcelona now)"
39.06100400,117.14202300,"Tianjin University"
39.34335740,117.36164760,"Tianjin, China"
39.34335740,117.36164760,"Tianjin,China"
35.67619190,139.65031060,"Tokyo"
35.67619190,139.65031060,"Tokyo, Japan"
27.99700200,-82.57014100,"Tokyo, Japan / China"
35.67619190,139.65031060,"Tokyo/Japan"
39.04734510,-95.67515760,"Topeka, KS"
43.65322600,-79.38318430,"Toronto"
43.65322600,-79.38318430,"Toronto and sometimes NYC."
43.65322600,-79.38318430,"Toronto Canada"
43.65322600,-79.38318430,"Toronto Ontario"
43.65322600,-79.38318430,"Toronto, Canada"
43.65322600,-79.38318430,"Toronto, ON"
43.65322600,-79.38318430,"Toronto, ON, Canada"
43.65322600,-79.38318430,"Toronto, Ontario"
40.81257770,0.52144230,"Tortosa"
43.60465200,1.44420900,"Toulouse, France"
46.18405610,25.22239740,"Transylvania"
37.09024000,-95.71289100,"Traveling "
63.43051490,10.39505280,"Trondheim, Norway"
42.72841170,-73.69178510,"Troy, NY"
36.08352550,140.07644540,"Tsukuba, Japan"
51.13237700,0.26369500,"Tunbridge Wells"
38.96374500,35.24332200,"Turkey"
41.00823760,28.97835890,"TURKEY, İstanbul, Denizli"
60.45181260,22.26663020,"Turku, Finland"
33.20984070,-87.56917350,"Tuscaloosa, Alabama"
31.96859880,-99.90181310,"TX"
59.30855730,10.42720340,"Tønsberg, Norway"
37.03279470,-95.63360360,"U"
32.33640430,-90.85532740,"UA"
37.87189920,-122.25853990,"UC Berkeley"
32.88006040,-117.23401350,"UC San Diego"
55.37805100,-3.43597300,"UK"
48.37943300,31.16557990,"Ukraine"
48.46471700,35.04618300,"Ukraine, Dnipro"
50.45010000,30.52340000,"Ukraine, Kiev"
50.45010000,30.52340000,"Ukraine, Kyiv"
49.83968300,24.02971700,"Ukraine, Lviv"
55.37805100,-3.43597300,"United Kingdom"
37.09024000,-95.71289100,"United States"
36.15689020,-95.99153460,"Universe"
46.78174630,-71.27474240,"Université Laval, Québec, Canada"
51.37822280,-2.32639870,"University of Bath"
40.10195230,-88.22716150,"University of Illinois"
42.27804360,-83.73822410,"University of Michigan"
59.85856380,17.63892670,"Uppsala, Sweden"
40.11058750,-88.20726970,"Urbana Illinois USA"
40.11058750,-88.20726970,"Urbana, IL"
53.17697000,6.17156880,"US/Europe"
37.09024000,-95.71289100,"USA"
39.88644930,-83.44825290,"USA & London"
40.75676480,-73.98571950,"USA / China"
40.71277530,-74.00597280,"USA, NY"
39.32098010,-111.09373110,"Utah"
52.09073740,5.12142010,"Utrecht, NL"
63.09508900,21.61645640,"Vaasa, Finland"
43.64152000,7.00918600,"Valbonne, France"
29.71920760,-95.40043530,"Valhalla"
49.28272910,-123.12073750,"Vancouver"
49.28272910,-123.12073750,"Vancouver, BC"
49.28272910,-123.12073750,"Vancouver, BC, Canada"
49.28272910,-123.12073750,"Vancouver, Canada"
45.43838420,10.99162150,"Verona"
48.42842070,-123.36564440,"Victoria BC"
48.42842070,-123.36564440,"Victoria BC Canada"
48.20817430,16.37381890,"Vienna, Austria"
14.05832400,108.27719900,"Vietnam"
49.23308300,28.46821690,"Vinnitsa"
36.85292630,-75.97798500,"Virginia Beach, VA"
36.85292630,-75.97798500,"Virginia Beach, VA, USA"
37.41980440,-94.70535450,"virtual"
52.13066070,-3.78371170,"Wales, UK"
49.30636890,8.64276930,"Walldorf, Germany"
52.58621400,-1.98291900,"Walsall, England, UK"
30.27408400,120.15507000,"want to hangzhou,China"
52.22967560,21.01222870,"Warsaw"
52.22967560,21.01222870,"Warsaw, Poland"
38.90719230,-77.03687070,"Washington D.C."
38.90719230,-77.03687070,"Washington DC"
47.75107410,-120.74013850,"Washington State, USA"
38.90719230,-77.03687070,"Washington, D.C."
37.79481670,-122.39734800,"Washington, DC & SF"
38.90719230,-77.03687070,"Washington, DC, USA"
43.46425780,-80.52040960,"Waterloo, Canada"
43.46425780,-80.52040960,"Waterloo, ON, Canada"
43.46425780,-80.52040960,"Waterloo, Ontario"
43.46425780,-80.52040960,"Waterloo, Ontario, Canada"
-41.28646030,174.77623600,"Wellington"
-41.28646030,174.77623600,"Wellington, New Zealand"
34.09000910,-118.36174430,"West Hollywood, CA"
40.42586860,-86.90806550,"West Lafayette, IN"
51.81367390,5.75289480,"Wijchen, the Netherlands"
32.79525440,-96.65867540,"Wildest Dream"
28.59999980,-81.33923520,"Winter Park, FL"
51.10788520,17.03853760,"Wroclaw, Poland"
51.10788520,17.03853760,"Wrocław"
51.10788520,17.03853760,"Wrocław, Poland"
51.10788520,17.03853760,"Wrocław, Poland, Europe"
30.59284900,114.30553900,"WuHan"
30.59284900,114.30553900,"Wuhan China"
30.59284900,114.30553900,"Wuhan, China"
30.59284900,114.30553900,"Wuhan, Hubei"
31.49116900,120.31191000,"Wuxi,China"
43.07596780,-107.29028390,"Wyoming"
34.34157400,108.93977000,"Xi'an"
34.34157400,108.93977000,"Xi'an China"
34.34157400,108.93977000,"xi'an, china"
24.47983300,118.08942500,"XiaMen"
24.47983300,118.08942500,"Xiamen, China"
24.47983300,118.08942500,"Xiamen·China"
34.34157400,108.93977000,"Xian, China"
35.66351130,138.63888790,"Yamanashi, Japan"
56.83892610,60.60570250,"Yekaterinburg, Russia"
40.17918570,44.49910290,"Yerevan"
45.81501080,15.98191890,"Zagreb, Croatia"
52.09060150,5.23325260,"Zeist, Netherlands"
30.27408400,120.15507000,"ZheJiang hangzhou"
30.26394400,120.12327900,"Zhejiang University, China"
34.74661100,113.62532800,"Zhengzhou, China"
34.74661100,113.62532800,"ZhengZhou,China,Planet Earth"
22.27097800,113.57667700,"Zhuhai"
22.27097800,113.57667700,"Zhuhai, China"
47.16616720,8.51549460,"Zug, Switzerland"
47.37688660,8.54169400,"Zürich"
47.37688660,8.54169400,"Zürich, CH"
47.37688660,8.54169400,"Zurich, Switzerland"
47.37688660,8.54169400,"Zürich, Zurich, Switzerland"
55.75582600,37.61729990,"Россия, Москва"
59.93428020,30.33509860,"Санкт-Петербург"
39.01693910,-96.85976820,"☁️"
31.23041600,121.47370100,"上海"
31.33000200,121.50886400,"上海市杨浦区殷行路1286号嘉誉国际广场2号楼（西楼）901室"
35.86166000,104.19539700,"中国"
23.12468000,113.36120000,"中国.广东.广州.天河"
39.99241900,116.33937000,"中国北京海淀区五道口"
30.27408400,120.15507000,"中国浙江杭州"
30.27408400,120.15507000,"中国浙江省杭州市"
22.54309600,114.05786500,"中国深圳(Shenzhen, China)"
35.86166000,104.19539700,"中国（china）"
40.00734000,116.27826500,"中央党校"
39.90419990,116.40739630,"北京"
39.92146900,116.44310700,"北京朝阳区"
39.95995300,116.29832600,"北京海淀"
39.94562390,116.19228900,"北京石景山区八大处路10号"
30.57281500,104.06680100,"四川　成都"
23.02067300,113.75179900,"广东东莞"
23.12911000,113.26438500,"广东广州"
22.54309600,114.05786500,"广东深圳"
23.12911000,113.26438500,"广州"
30.57281500,104.06680100,"成都"
30.27408400,120.15507000,"杭州"
30.25802870,120.19245610,"杭州 北京"
30.28186200,120.18083300,"杭州市下城区"
30.25931200,120.13021100,"杭州西湖区"
30.59284900,114.30553900,"武汉"
31.98017100,120.89429100,"江苏 南通"
30.27408400,120.15507000,"浙江-杭州"
22.54309600,114.05786500,"深圳"
22.53301200,113.93047500,"深圳市南山区"
30.59284900,114.30553900,"湖北武汉"
26.07447800,119.29648200,"福建 福州"
26.64766100,106.63015300,"贵州贵阳"
28.22820900,112.93881400,"长沙"
37.44491680,127.13886840,"경기도 성남시"
